country,article_count,population_millions,article_coverage,high_quality_count,high_quality_pct
Tuvalu,54,0.01,5400.0,5,0.09259259259259259
Nauru,52,0.01,5200.0,0,0.0
San Marino,81,0.03,2700.0,0,0.0
Monaco,40,0.04,1000.0,0,0.0
Liechtenstein,28,0.04,700.0,0,0.0
Tonga,63,0.1,630.0,0,0.0
Marshall Islands,37,0.06,616.6666666666667,0,0.0
Iceland,201,0.4,502.5,2,0.009950248756218905
Andorra,34,0.08,425.0,0,0.0
Grenada,36,0.1,360.0,1,0.027777777777777776
